{"cameraMode":{"drawMode":0,"name":"Shaded","section":"Shading Mode"},"sceneLighting":true,"audioPlay":false,"sceneViewState":{"m_AlwaysRefresh":false,"showFog":true,"showSkybox":true,"showFlares":true,"showImageEffects":true,"showParticleSystems":true,"showVisualEffectGraphs":true,"m_FxEnabled":true},"in2DMode":false,"pivot":{"x":0.05665445327758789,"y":1.9212920665740967,"z":6.173762321472168},"rotation":{"x":0.23565858602523805,"y":0.33418363332748415,"z":-0.08668790757656098,"w":0.9084575176239014},"size":1.4819222688674927,"orthographic":false}